theme,keyword
Artificial Intelligence & Machine Learning,Artificial Intelligence
Artificial Intelligence & Machine Learning,AI
Artificial Intelligence & Machine Learning,Machine Learning
Artificial Intelligence & Machine Learning,ML
Artificial Intelligence & Machine Learning,Deep Learning
Artificial Intelligence & Machine Learning,DL
Artificial Intelligence & Machine Learning,Neural Network
Artificial Intelligence & Machine Learning,LLM
Artificial Intelligence & Machine Learning,Large Language Model
Artificial Intelligence & Machine Learning,Generative AI
Artificial Intelligence & Machine Learning,Computer Vision
Artificial Intelligence & Machine Learning,Natural Language Processing
Artificial Intelligence & Machine Learning,NLP
Artificial Intelligence & Machine Learning,Reinforcement Learning
Data Science & Big Data,Data Science
Data Science & Big Data,Data Scientist
Data Science & Big Data,Big Data
Data Science & Big Data,Data Analysis
Data Science & Big Data,Data Analytics
Data Science & Big Data,Data Mining
Data Science & Big Data,Data Visualization
Data Science & Big Data,Hadoop
Data Science & Big Data,Spark
Data Science & Big Data,ETL
Web Development,Web Development
Web Development,Frontend
Web Development,Backend
Web Development,Full-Stack
Web Development,JavaScript
Web Development,React
Web Development,Angular
Web Development,Vue
Web Development,Node.js
Web Development,API
Web Development,Web Assembly
Web Development,WASM
Cloud Computing & DevOps,Cloud Computing
Cloud Computing & DevOps,AWS
Cloud Computing & DevOps,Amazon Web Services
Cloud Computing & DevOps,Azure
Cloud Computing & DevOps,Google Cloud
Cloud Computing & DevOps,GCP
Cloud Computing & DevOps,DevOps
Cloud Computing & DevOps,CI/CD
Cloud Computing & DevOps,Docker
Cloud Computing & DevOps,Kubernetes
Cloud Computing & DevOps,Serverless
Cloud Computing & DevOps,Infrastructure as Code
Cybersecurity,Cybersecurity
Cybersecurity,Information Security
Cybersecurity,InfoSec
Cybersecurity,Malware
Cybersecurity,Ransomware
Cybersecurity,Phishing
Cybersecurity,Vulnerability
Cybersecurity,Data Breach
Cybersecurity,Encryption
Cybersecurity,Zero Trust
Software Engineering Principles,Software Engineering
Software Engineering Principles,Software Development
Software Engineering Principles,Agile
Software Engineering Principles,Scrum
Software Engineering Principles,Object-Oriented Programming
Software Engineering Principles,OOP
Software Engineering Principles,Design Patterns
Software Engineering Principles,Microservices
Software Engineering Principles,Code Quality